id,first_name,city,country
1,Eazzy,Pittsburgh,United States
2,Quamba,New York City,United States
3,Brainverse,Memphis,United States
4,Eire,Milwaukee,United States
5,Flipopia,Reno,United States
6,Skyndu,Cleveland,United States
7,Chatterbridge,Philadelphia,United States
8,Dazzlesphere,Greensboro,United States
9,Rooxo,Louisville,United States
10,Yata,New York City,United States
11,Twinte,Huntsville,United States
12,Skyble,Jacksonville,United States
13,Chatterpoint,Lynchburg,United States
14,Zoonder,New Orleans,United States
15,Photobean,Austin,United States
16,Realcube,Jamaica,United States
17,Photojam,Salt Lake City,United States
18,Skajo,Amarillo,United States
19,Camido,Chesapeake,United States
20,Voomm,Louisville,United States
